<?xml version="1.0" encoding="UTF-8"?>
 
<schema version="1.0" xmlns="http://www.apple.com/metadata"
                      xmlns:xsi="http://www.w3.org/2001/XMLSchema-instance"
                      xsi:schemaLocation="http://www.apple.com/metadata file:///System/Library/Frameworks/CoreServices.framework/Frameworks/Metadata.framework/Resources/MetadataSchema.xsd">
    <note>
        Custom attributes that this metadata importer supports.  Below
	is an example of a multivalued string attribute.  Other types
	are CFNumber, CFDate, CFBoolean and CFData.		      
    </note>
    <attributes>
        <attribute name="org_osiriX_PatientsName"  type="CFString"/>
		<attribute name="org_osiriX_PatientID"  type="CFString"/>
		<attribute name="org_osiriX_PatientsSex" type="CFString"/>
		<attribute name="org_osiriX_PatientsAge" type="CFString"/>
		<attribute name="org_osiriX_PatientsBirthDate" type="CFDate"/>
		
		<attribute name="org_osiriX_StudyDescription" type="CFString"/>
		<attribute name="org_osiriX_StudyID" type="CFString"/>
		<attribute name="org_osiriX_StudyDate" type="CFDate"/>
		<attribute name="org_osiriX_StudyInstanceUID" type="CFString"/>
		
		<attribute name="org_osiriX_SeriesDescription" type="CFString"/>
		<attribute name="org_osiriX_SeriesInstanceUID" type="CFString"/>
		<attribute name="org_osiriX_SeriesNumber" type="CFNumber"/>
		<attribute name="org_osiriX_SeriesDate" type="CFDate"/>
		
		<attribute name="org_osiriX_AcquisitionDate" type="CFDate"/>
		<attribute name="org_osiriX_InstanceNumber" type="CFNumber"/>
		<attribute name="org_osiriX_SOPInstanceUID" type="CFString"/>
		
		<attribute name="org_osiriX_InstitutionName" type="CFString"/>
		<attribute name="org_osiriX_Modality" type="CFString"/>
		<attribute name="org_osiriX_TransferSyntax" type="CFString"/>
		<attribute name="org_osiriX_ReferringPhysiciansName" type="CFString"/>
		<attribute name="org_osiriX_PerformingPhysiciansName" type="CFString"/>
		
		
		
    </attributes>

    <types>
		<type name="public.dcm">
			<note>
			The keys that this metadata importer handles.
			</note>
			<allattrs>
				org_osiriX_PatientsName
				org_osiriX_PatientID
				org_osiriX_PatientsSex
				org_osiriX_PatientsAge
				org_osiriX_PatientsBirthDate
				org_osiriX_StudyDescription
				org_osiriX_StudyID
				org_osiriX_StudyDate
				org_osiriX_StudyInstanceUID
				org_osiriX_SeriesDescription
				org_osiriX_SeriesInstanceUID
				org_osiriX_SeriesNumber
				org_osiriX_SeriesDate
				org_osiriX_AcquisitionDate
				org_osiriX_InstanceNumber
				org_osiriX_SOPInstanceUID
				org_osiriX_InstitutionName
				org_osiriX_Modality
				org_osiriX_TransferSyntax
				org_osiriX_ReferringPhysiciansName
				org_osiriX_PerformingPhysiciansName
			</allattrs>
			<displayattrs>
				org_osiriX_PatientsName
				org_osiriX_PatientID
				org_osiriX_PatientsSex
				org_osiriX_PatientsAge
				org_osiriX_PatientsBirthDate
				org_osiriX_StudyDescription
				org_osiriX_StudyID
				org_osiriX_StudyDate
				org_osiriX_StudyInstanceUID
				org_osiriX_SeriesDescription
				org_osiriX_SeriesInstanceUID
				org_osiriX_SeriesNumber
				org_osiriX_SeriesDate
				org_osiriX_AcquisitionDate
				org_osiriX_InstanceNumber
				org_osiriX_SOPInstanceUID
				org_osiriX_InstitutionName
				org_osiriX_Modality
				org_osiriX_TransferSyntax
				org_osiriX_ReferringPhysiciansName
				org_osiriX_PerformingPhysiciansName
			</displayattrs>	
		</type>
		<type name="org.nema.dicom">
			<note>
			The keys that this metadata importer handles.
			</note>
			<allattrs>
				org_osiriX_PatientsName
				org_osiriX_PatientID
				org_osiriX_PatientsSex
				org_osiriX_PatientsAge
				org_osiriX_PatientsBirthDate
				org_osiriX_StudyDescription
				org_osiriX_StudyID
				org_osiriX_StudyDate
				org_osiriX_StudyInstanceUID
				org_osiriX_SeriesDescription
				org_osiriX_SeriesInstanceUID
				org_osiriX_SeriesNumber
				org_osiriX_SeriesDate
				org_osiriX_AcquisitionDate
				org_osiriX_InstanceNumber
				org_osiriX_SOPInstanceUID
				org_osiriX_InstitutionName
				org_osiriX_Modality
				org_osiriX_TransferSyntax
				org_osiriX_ReferringPhysiciansName
				org_osiriX_PerformingPhysiciansName
			</allattrs>
			<displayattrs>
				org_osiriX_PatientsName
				org_osiriX_PatientID
				org_osiriX_PatientsSex
				org_osiriX_PatientsAge
				org_osiriX_PatientsBirthDate
				org_osiriX_StudyDescription
				org_osiriX_StudyID
				org_osiriX_StudyDate
				org_osiriX_StudyInstanceUID
				org_osiriX_SeriesDescription
				org_osiriX_SeriesInstanceUID
				org_osiriX_SeriesNumber
				org_osiriX_SeriesDate
				org_osiriX_AcquisitionDate
				org_osiriX_InstanceNumber
				org_osiriX_SOPInstanceUID
				org_osiriX_InstitutionName
				org_osiriX_Modality
				org_osiriX_TransferSyntax
				org_osiriX_ReferringPhysiciansName
				org_osiriX_PerformingPhysiciansName
			</displayattrs>	
		</type>

	</types>
</schema>

