<?xml version="1.0" encoding="UTF-8"?>
<!DOCTYPE Change SYSTEM "http://ij.itk.org/itkfaq/ITKMigration.dtd">

<!--**
**
** ConvolutionImageFilterTemplateParameters.xml
**
** >>>>>>>>>>>>>>>>>>>>>>>>>>>>
** THIS FILE HAS BEEN AUTOMATICALLY GENERATED. EDIT IT BEFORE COMMITING
** <<<<<<<<<<<<<<<<<<<<<<<<<<<
**
** Please, make sure this file validates the following w3c test before committing it: http://validator.w3.org
**-->
<Change>
    <!--**
    ** Title for the online migration page
    **-->
    <Title>
      Convolution Image Filter Template Parameters
    </Title>

    <!--**
    ** The author of the change
    **-->
    <Author>
      Cory Quammen
    </Author>

    <!--**
    ** Date of creation for the XML document
    **-->
    <Date>
      2011-07-14
    </Date>

    <!--**
    ** Plain text description of the change
    ** Extracted from git commit messages
    **-->
    <Description>
      The ConvolutionImageFilter now takes the kernel image
      type as the second template parameter. The output image type is
      now specified by the third template parameter.
    </Description>

    <!--**
    ** Sample code snippets
    ** Extracted from git diff of changed files in Examples and Testing
    **-->
    <SampleCode>
      <Old>
        <![CDATA[
        #include "itkConvolutionImageFilter.h"

        typedef itk::ConvolutionImageFilter< InputImageType, OutputImageType > ConvolutionFilterType;
        ConvolutionFilterType::Pointer = ConvolutionFilterType::New();
        ]]>
      </Old>

      <New>
        <![CDATA[
        #include "itkConvolutionImageFilter.h"

        typedef itk::ConvolutionImageFilter< InputImageType, KernelImageType, OutputImageType > ConvolutionFilterType;
        ConvolutionFilterType::Pointer = ConvolutionFilterType::New();
        ]]>
      </New>

    </SampleCode>

    <!--**
    ** The change-ids for all commits in the topic branch
    **-->
    <Gerrit-ChangeId>
      I22f0f697ba44d48660ab728aff3cd26861ae1091
    </Gerrit-ChangeId>

    <!--**
    ** List of all changed files from the topic branch
    **-->
    <FileList>
      Modules/Nonunit/Review/include/itkConvolutionImageFilter.h
      Modules/Nonunit/Review/include/itkConvolutionImageFilter.txx
    </FileList>

    <!--**
    ** If the migration can be accomplished by a simple string
    ** substitution, then use the following construct to define
    ** the substitution rule.
    **
    ** <MigrationFix-Automatic>
    **   <Old>
    **     <![CDATA[MipsleledName]]>
    **   </Old>
    **   <New>
    **     <![CDATA[MisspelledName]]>
    **   </New>
    ** </MigrationFix-Automatic>
    **-->

    <!--**
    ** If the migration can NOT be accomplished by a simple string
    ** substitution, but potential problem spots can be identified,
    ** use the following construct to define a migration flag rule.
    **
    ** <MigrationFix-Manual>
    **   OldFunctionName
    ** </MigrationFix-Manual>
    **-->

</Change>
